ProductID,DocumentNode,ModifiedDate
317,/2/1/,Dec 29 2013  1:51PM
318,/2/1/,Dec 29 2013  1:51PM
319,/2/1/,Dec 29 2013  1:51PM
506,/3/1/,Dec 29 2013  1:51PM
506,/3/2/,Dec 29 2013  1:51PM
514,/3/4/,Dec 29 2013  1:51PM
515,/3/4/,Dec 29 2013  1:51PM
516,/3/4/,Dec 29 2013  1:51PM
517,/3/4/,Dec 29 2013  1:51PM
518,/3/4/,Dec 29 2013  1:51PM
519,/3/4/,Dec 29 2013  1:51PM
520,/3/4/,Dec 29 2013  1:51PM
521,/3/4/,Dec 29 2013  1:51PM
522,/3/4/,Dec 29 2013  1:51PM
928,/2/1/,Dec 29 2013  1:51PM
929,/2/1/,Dec 29 2013  1:51PM
930,/2/1/,Dec 29 2013  1:51PM
931,/2/1/,Dec 29 2013  1:51PM
932,/2/1/,Dec 29 2013  1:51PM
933,/2/1/,Dec 29 2013  1:51PM
934,/2/1/,Dec 29 2013  1:51PM
935,/3/3/,Dec 29 2013  1:51PM
936,/3/3/,Dec 29 2013  1:51PM
937,/3/3/,Dec 29 2013  1:51PM
938,/3/3/,Dec 29 2013  1:51PM
939,/3/3/,Dec 29 2013  1:51PM
940,/3/3/,Dec 29 2013  1:51PM
941,/3/3/,Dec 29 2013  1:51PM
977,/1/1/,Dec 29 2013  1:51PM
997,/1/1/,Dec 29 2013  1:51PM
998,/1/1/,Dec 29 2013  1:51PM
999,/1/1/,Dec 29 2013  1:51PM
